[
  {
    "title": "Engine Lock System with Alcohol Detector",
    "description": "IoT-based system preventing ignition if alcohol is detected.",
    "tech": ["IoT", "Sensors", "Embedded Systems"]
  },
  {
    "title": "Interactive Sports Chatbot",
    "description": "AI chatbot providing training plans, nutrition advice, and motivation.",
    "tech": ["Python", "AI", "NLP"]
  },
  {
    "title": "House Price Prediction",
    "description": "ML model predicting real estate prices based on location and size.",
    "tech": ["Python", "Machine Learning", "Data Analysis"]
  }
]
